Workbook

Sheet Sheet1
A1: 日期 | B1: 时段 | C1: 是否为节假日 | D1: 北往南车流量 | E1: 南往北车流量 | F1: 累计总车流量 | G1: 北部气温(°C) | H1: 天气代码() | I1: 北部天气情况分值 | J1: 北部降雨量(mm) | K1: 北部10米风速(m/s) | L1: 南部气温(°C) | M1: 南部天气代码() | N1: 南部天气情况分值 | O1: 南部降雨量(mm) | P1: 南部10米风速(m/s)
A2: 10.01 | B2: 2 | C2: 1 | D2: 2469 | E2: 3087 | F2: =D2+E2 -> 5556 | G2: 23.5 | H2: 晴 | I2: =VLOOKUP(H2,Sheet4!A:B,2,0) -> 10 | J2: 0 | K2: 4.92 | L2: 20.61 | M2: 晴 | N2: =VLOOKUP(M2,Sheet4!A:B,2,0) -> 10 | O2: 0 | P2: 3.47
A3: 10.01 | B3: 4 | C3: 1 | D3: 2758 | E3: 1651 | F3: =D3+E3 -> 4409 | G3: 23.2 | H3: 晴 | I3: =VLOOKUP(H3,Sheet4!A:B,2,0) -> 10 | J3: 0 | K3: 4.72 | L3: 19.91 | M3: 晴 | N3: =VLOOKUP(M3,Sheet4!A:B,2,0) -> 10 | O3: 0 | P3: 3.02
A4: 10.01 | B4: 6 | C4: 1 | D4: 2030 | E4: 1935 | F4: =D4+E4 -> 3965 | G4: 22.85 | H4: 晴 | I4: =VLOOKUP(H4,Sheet4!A:B,2,0) -> 10 | J4: 0 | K4: 4.32 | L4: 19.61 | M4: 晴 | N4: =VLOOKUP(M4,Sheet4!A:B,2,0) -> 10 | O4: 0 | P4: 3.34
A5: 10.01 | B5: 8 | C5: 1 | D5: 3173 | E5: 2936 | F5: =D5+E5 -> 6109 | G5: 22.45 | H5: 晴 | I5: =VLOOKUP(H5,Sheet4!A:B,2,0) -> 10 | J5: 0 | K5: 4.27 | L5: 19.96 | M5: 晴 | N5: =VLOOKUP(M5,Sheet4!A:B,2,0) -> 10 | O5: 0 | P5: 3.79
A6: 10.01 | B6: 10 | C6: 1 | D6: 3845 | E6: 2799 | F6: =D6+E6 -> 6644 | G6: 22.8 | H6: 晴 | I6: =VLOOKUP(H6,Sheet4!A:B,2,0) -> 10 | J6: 0 | K6: 3.93 | L6: 23.71 | M6: 晴 | N6: =VLOOKUP(M6,Sheet4!A:B,2,0) -> 10 | O6: 0 | P6: 3.49
A7: 10.01 | B7: 12 | C7: 1 | D7: 4520 | E7: 3166 | F7: =D7+E7 -> 7686 | G7: 22.5 | H7: 晴 | I7: =VLOOKUP(H7,Sheet4!A:B,2,0) -> 10 | J7: 0 | K7: 3.58 | L7: 26.36 | M7: 晴 | N7: =VLOOKUP(M7,Sheet4!A:B,2,0) -> 10 | O7: 0 | P7: 3.35
A8: 10.01 | B8: 14 | C8: 1 | D8: 4334 | E8: 2871 | F8: =D8+E8 -> 7205 | G8: 23 | H8: 晴 | I8: =VLOOKUP(H8,Sheet4!A:B,2,0) -> 10 | J8: 0 | K8: 3.43 | L8: 27.71 | M8: 晴 | N8: =VLOOKUP(M8,Sheet4!A:B,2,0) -> 10 | O8: 0 | P8: 2.26
A9: 10.01 | B9: 16 | C9: 1 | D9: 4424 | E9: 3098 | F9: =D9+E9 -> 7522 | G9: 23.45 | H9: 晴 | I9: =VLOOKUP(H9,Sheet4!A:B,2,0) -> 10 | J9: 0 | K9: 3.8 | L9: 28.91 | M9: 晴 | N9: =VLOOKUP(M9,Sheet4!A:B,2,0) -> 10 | O9: 0 | P9: 1.42
A10: 10.01 | B10: 18 | C10: 1 | D10: 3857 | E10: 3028 | F10: =D10+E10 -> 6885 | G10: 23.05 | H10: 晴 | I10: =VLOOKUP(H10,Sheet4!A:B,2,0) -> 10 | J10: 0 | K10: 4.46 | L10: 27.21 | M10: 晴 | N10: =VLOOKUP(M10,Sheet4!A:B,2,0) -> 10 | O10: 0 | P10: 1.12
A11: 10.01 | B11: 20 | C11: 1 | D11: 2930 | E11: 2234 | F11: =D11+E11 -> 5164 | G11: 22.95 | H11: 晴 | I11: =VLOOKUP(H11,Sheet4!A:B,2,0) -> 10 | J11: 0 | K11: 2.48 | L11: 24.46 | M11: 晴 | N11: =VLOOKUP(M11,Sheet4!A:B,2,0) -> 10 | O11: 0 | P11: 4.28
A12: 10.01 | B12: 22 | C12: 1 | D12: 1308 | E12: 1706 | F12: =D12+E12 -> 3014 | G12: 22.85 | H12: 晴 | I12: =VLOOKUP(H12,Sheet4!A:B,2,0) -> 10 | J12: 0 | K12: 1.59 | L12: 23.61 | M12: 晴 | N12: =VLOOKUP(M12,Sheet4!A:B,2,0) -> 10 | O12: 0 | P12: 3.8
A13: 10.01 | B13: 24 | C13: 1 | D13: 765 | E13: 1373 | F13: =D13+E13 -> 2138 | G13: 22.9 | H13: 晴 | I13: =VLOOKUP(H13,Sheet4!A:B,2,0) -> 10 | J13: 0 | K13: 2.59 | L13: 21.71 | M13: 毛毛雨 | N13: =VLOOKUP(M13,Sheet4!A:B,2,0) -> 5 | O13: 0.4 | P13: 5.17
... A373: 10.31 | B373: 24 | C373: 0 | D373: 872 | E373: 681 | F373: =D373+E373 -> 1553 | G373: 13.65 | H373: 晴 | I373: =VLOOKUP(H373,Sheet4!A:B,2,0) -> 10 | J373: 0 | K373: 8.79 | L373: 10.21 | M373: 晴 | N373: =VLOOKUP(M373,Sheet4!A:B,2,0) -> 10 | O373: 0 | P373: 2.47

Sheet Sheet2
A1: 地名 | B1: 日期 | C1: 时间 | D1: 2米气温(°C) | E1: 天气代码() | F1: 降雨量(mm) | G1: 10米风速(m/s)
A2: 秦皇岛（北） | B2: 10.01 | C2: 1 | D2: 23.55 | E2: 晴 | F2: 0 | G2: 4.63
A3: 秦皇岛（北） | B3: 10.01 | C3: 2 | D3: 23.5 | E3: 晴 | F3: 0 | G3: 4.92
A4: 秦皇岛（北） | B4: 45931 | C4: 3 | D4: 23.35 | E4: 晴 | F4: 0 | G4: 5.51
A5: 秦皇岛（北） | B5: 45931 | C5: 4 | D5: 23.2 | E5: 晴 | F5: 0 | G5: 4.72
A6: 秦皇岛（北） | B6: 45931 | C6: 5 | D6: 23.05 | E6: 晴 | F6: 0 | G6: 4.46
A7: 秦皇岛（北） | B7: 45931 | C7: 6 | D7: 22.85 | E7: 晴 | F7: 0 | G7: 4.32
A8: 秦皇岛（北） | B8: 45931 | C8: 7 | D8: 22.6 | E8: 晴 | F8: 0 | G8: 4.38
A9: 秦皇岛（北） | B9: 45931 | C9: 8 | D9: 22.45 | E9: 晴 | F9: 0 | G9: 4.27
A10: 秦皇岛（北） | B10: 45931 | C10: 9 | D10: 23 | E10: 晴 | F10: 0 | G10: 4.51
A11: 秦皇岛（北） | B11: 45931 | C11: 10 | D11: 22.8 | E11: 晴 | F11: 0 | G11: 3.93
A12: 秦皇岛（北） | B12: 45931 | C12: 11 | D12: 22.6 | E12: 晴 | F12: 0 | G12: 3.4
A13: 秦皇岛（北） | B13: 45931 | C13: 12 | D13: 22.5 | E13: 晴 | F13: 0 | G13: 3.58
... A745: 秦皇岛（北） | B745: 45961 | C745: 24 | D745: 13.65 | E745: 晴 | F745: 0 | G745: 8.79

Sheet Sheet3
A1: 地名 | B1: 日期 | D1: 2米气温(°C) | E1: 天气代码() | F1: 总降水量(雨+雪)(mm) | G1: 10米风速(m/s)
A2: 滨州（南） | B2: 45931 | C2: 2 | D2: 20.61 | E2: 晴 | F2: 0 | G2: 3.47
A3: 滨州（南） | B3: 45931 | C3: 4 | D3: 19.91 | E3: 晴 | F3: 0 | G3: 3.02
A4: 滨州（南） | B4: 45931 | C4: 6 | D4: 19.61 | E4: 晴 | F4: 0 | G4: 3.34
A5: 滨州（南） | B5: 45931 | C5: 8 | D5: 19.96 | E5: 晴 | F5: 0 | G5: 3.79
A6: 滨州（南） | B6: 45931 | C6: 10 | D6: 23.71 | E6: 晴 | F6: 0 | G6: 3.49
A7: 滨州（南） | B7: 45931 | C7: 12 | D7: 26.36 | E7: 晴 | F7: 0 | G7: 3.35
A8: 滨州（南） | B8: 45931 | C8: 14 | D8: 27.71 | E8: 晴 | F8: 0 | G8: 2.26
A9: 滨州（南） | B9: 45931 | C9: 16 | D9: 28.91 | E9: 晴 | F9: 0 | G9: 1.42
A10: 滨州（南） | B10: 45931 | C10: 18 | D10: 27.21 | E10: 晴 | F10: 0 | G10: 1.12
A11: 滨州（南） | B11: 45931 | C11: 20 | D11: 24.46 | E11: 晴 | F11: 0 | G11: 4.28
A12: 滨州（南） | B12: 45931 | C12: 22 | D12: 23.61 | E12: 晴 | F12: 0 | G12: 3.8
A13: 滨州（南） | B13: 45931 | C13: 24 | D13: 21.71 | E13: 毛毛雨 | F13: 0.4 | G13: 5.17
... A373: 滨州（南） | B373: 45961 | C373: 24 | D373: 10.21 | E373: 晴 | F373: 0 | G373: 2.47

Sheet Sheet4
A1: 天气类型 | B1: 量化分数（正向） | C1: 说明
A2: 晴 | B2: 10 | C2: 最优天气，车流量最大
A3: 多云 | B3: 8 | C3: 天气好，车流量较大
A4: 阴 | B4: 6 | C4: 无明显影响，车流量中等
A5: 毛毛雨 | B5: 5 | C5: 影响轻微，车流量略降
A6: 小雨 | B6: 4 | C6: 影响增强，车流量下降
A7: 中雨 | B7: 2 | C7: 影响明显，车流量较低

Sheet Sheet5
A1: Model | B1: Train Time(s) | C1: Train R^2 | D1: Test R^2 | E1: Overfitting | F1: Test MAE | G1: Test RMSE | H1: Test MAPE(%)
A2: Linear Regression | B2: 0 | C2: 0.9137 | D2: 0.7432 | E2: 0.1705 | F2: 367.1 | G2: 427.5 | H2: 23.69
A3: Ridge Regression | B3: 0 | C3: 0.9131 | D3: 0.7471 | E3: 0.166 | F3: 362.1 | G3: 424.3 | H3: 23
A4: Lasso Regression | B4: 0.03 | C4: 0.9137 | D4: 0.7452 | E4: 0.1685 | F4: 365.3 | G4: 425.9 | H4: 23.56
A5: Decision Tree | B5: 0.01 | C5: 0.9504 | D5: 0.7112 | E5: 0.2392 | F5: 279.3 | G5: 453.4 | H5: 13.17
A6: Random Forest | B6: 0.66 | C6: 0.9634 | D6: 0.8704 | E6: 0.093 | F6: 188.1 | G6: 303.7 | H6: 9.31
A7: Gradient Boosting | B7: 0.54 | C7: 0.9929 | D7: 0.8871 | E7: 0.1058 | F7: 171.3 | G7: 283.5 | H7: 8.17
A8: SVR | B8: 0.01 | C8: 0.1082 | D8: 0.1209 | E8: -0.0126 | F8: 629.7 | G8: 791.1 | H8: 49.85
A9: KNN | B9: 0 | C9: 0.8696 | D9: 0.7093 | E9: 0.1603 | F9: 315.6 | G9: 454.9 | H9: 17.61

Sheet Sheet6
A1: Library | B1: Version | C1: Purpose
A2: scikit-learn | B2: 1.3.0 | C2: Core machine learning library: model implementation (GradientBoostingRegressor, RandomForestRegressor, Ridge), data splitting, preprocessing, hyperparameter tuning (GridSearchCV), and evaluation metrics.
A3: pandas | B3: 2.0.3 | C3: Data manipulation, structuring (DataFrames), and feature engineering.
A4: numpy | B4: 1.24.3 | C4: Underlying numerical computations.
A5: matplotlib & seaborn | B5: 3.7.1 & 0.12.2 | C5: Generation of all visualizations for exploratory data analysis (EDA) and result presentation.
A6: scipy | B6: 1.11.1 | C6: Statistical computations (e.g., for normality tests in residual analysis).
A7: jupyter | B7: 1.0.0 | C7: Interactive development environment for code execution and analysis.
